{"cameraMode":{"drawMode":0,"name":"Shaded","section":"Shading Mode"},"sceneLighting":false,"audioPlay":false,"sceneViewState":{"m_AlwaysRefresh":false,"showFog":true,"showSkybox":false,"showFlares":true,"showImageEffects":true,"showParticleSystems":true,"showVisualEffectGraphs":true,"m_FxEnabled":true},"in2DMode":false,"pivot":{"x":0.5176258683204651,"y":2.319052219390869,"z":-2.0040645599365236},"rotation":{"x":0.058168940246105197,"y":0.014683634042739869,"z":-0.0008732480346225202,"w":0.9981803894042969},"size":1.405432105064392,"orthographic":false}