{"cameraMode":{"drawMode":0,"name":"Shaded","section":"Shading Mode"},"sceneLighting":false,"audioPlay":false,"sceneViewState":{"m_AlwaysRefresh":false,"showFog":true,"showSkybox":false,"showFlares":true,"showImageEffects":true,"showParticleSystems":true,"showVisualEffectGraphs":true,"m_FxEnabled":true},"in2DMode":false,"pivot":{"x":-0.00011527538299560547,"y":0.6560789942741394,"z":-0.006865024566650391},"rotation":{"x":-0.33601653575897219,"y":-0.2124270647764206,"z":0.07807659357786179,"w":-0.9142472147941589},"size":2.6587469577789308,"orthographic":false}